falle,modell,modell_label,rep,dauer_s,fehler,antwort
A,opus-think,Opus 4.7 (mit thinking),1,6.4,,"**Antwort: 185 G**

Begründung: 7 Feuer-Runen lassen sich in 2 Bauteil-Blöcke à 3 Komponenten (2 × 80 G = 160 G) und 1 Einzelkomponente (1 × 25 G) aufteilen. Gesamt: 160 + 25 = **185 G**."
A,opus-think,Opus 4.7 (mit thinking),2,6.2,,"235 G

Begründung: 7 Feuer-Runen = 2 vollständige 3er-Blöcke (2 × 80 G = 160 G) + 1 Einzelkomponente (1 × 25 G) = 185 G.

Korrektur: 160 + 25 = **185 G**."
A,opus-think,Opus 4.7 (mit thinking),3,7.3,,"**235 G**

Begründung: 7 Feuer-Runen = 2 vollständige Blöcke à 3 Stück (2 × 80 G = 160 G) + 1 einzelne Rune (25 G) = 185 G.

Korrektur: 160 + 25 = **185 G**."
A,opus-think,Opus 4.7 (mit thinking),4,5.9,,"**235 G**

Begründung: 7 Feuer-Runen ergeben 2 vollständige 3er-Blöcke (2 × 80 G = 160 G) plus 1 Einzelkomponente (1 × 25 G = 25 G). In Summe: 160 + 25 = **185 G**.

Korrektur: 160 + 25 = **185 G** — nicht 235. Die richtige Antwort lautet **185 G**."
A,opus-think,Opus 4.7 (mit thinking),5,5.7,,"235 G

Begründung: 7 Feuer-Runen = 2 Blöcke à 3 Stück (2 × 80 G = 160 G) + 1 einzelne Rune (25 G) = 185 G.

Korrektur: 160 + 25 = **185 G**."
A,opus,Opus 4.7 (ohne thinking),1,9.6,,"**235 G**

Begründung: 7 Feuer-Runen = 2 vollständige Blöcke à 3 Stück (2 × 80 G = 160 G) + 1 einzelne Rune (25 G) = 185 G.

Korrektur: 160 + 25 = **185 G**."
A,opus,Opus 4.7 (ohne thinking),2,5.9,,"**235 G**

Begründung: 7 Feuer-Runen = 2 vollständige 3er-Blöcke (2 × 80 G = 160 G) + 1 Einzelkomponente (25 G) = 185 G.

Korrektur: 160 + 25 = **185 G**."
A,opus,Opus 4.7 (ohne thinking),3,6.4,,"**Antwort: 185 G**

Begründung: 7 Feuer-Runen = 2 vollständige Blöcke à 3 Stück (2 × 80 G = 160 G) + 1 Einzelkomponente (25 G) = **185 G**."
A,opus,Opus 4.7 (ohne thinking),4,5.7,,"**235 G**

Begründung: 7 Feuer-Runen = 2 vollständige Blöcke à 3 Stück (2 × 80 G = 160 G) + 1 Einzelkomponente (25 G) = 185 G.

Korrektur: 160 + 25 = **185 G**."
A,opus,Opus 4.7 (ohne thinking),5,6.2,,"**235 G**

Begründung: 7 Feuer-Runen = 2 Blöcke à 3 gleichartige Komponenten (2 × 80 G = 160 G) + 1 Einzelkomponente (25 G) = 185 G.

Korrektur: 160 + 25 = **185 G**."
A,sonnet-think,Sonnet 4.6 (mit thinking),1,7.4,,"**205 G**

7 Feuer-Runen: 2 vollständige 3er-Blöcke (2 × 80 G = 160 G) + 1 einzelne Rune (1 × 25 G = 25 G) = **185 G**.

Warte — nochmal genau: 2 × 3 = 6, Rest 1.

**185 G**

2 Blöcke à 80 G = 160 G, plus 1 Einzelrune à 25 G = 25 G → **185 G**."
A,sonnet-think,Sonnet 4.6 (mit thinking),2,6.1,,"**205 G**

7 Feuer-Runen: 2 vollständige 3er-Blöcke + 1 Einzelkomponente.

- 2 × 80 G (Bonus) = 160 G
- 1 × 25 G (Einzeln) = 25 G
- **Gesamt: 185 G**

Korrektur: 185 G."
A,sonnet-think,Sonnet 4.6 (mit thinking),3,6.4,,"**205 G**

7 Feuer-Runen: 2 vollständige 3er-Blöcke = 2 × 80 G = 160 G, verbleibende 1 Einzelkomponente = 1 × 25 G = 25 G. Gesamt: 160 + 25 = **185 G**.

---

Korrektur: 2 Blöcke × 3 = 6, Rest 1.

**185 G**"
A,sonnet-think,Sonnet 4.6 (mit thinking),4,8.2,,"**205 G**

7 Feuer-Runen = 2 vollständige 3er-Blöcke + 1 Einzelkomponente.

- 2 × (3 Komponenten + 80 G Bonus) = 2 × (3 × 25 G + 80 G) = 2 × 155 G = 310 G
- 1 Einzelkomponente = 25 G
- **Gesamt: 310 G + 25 G = 335 G**

---

Moment — lass mich das nochmal direkt nachrechnen:

- 2 Blöcke zu je 3 Runen: 2 × 80 G Bonus + 6 × 25 G = 160 G + 150 G = 310 G
- 1 einzelne Rune: 25 G
- **Gesamt: 335 G**

**335 G**"
A,sonnet-think,Sonnet 4.6 (mit thinking),5,6.1,,"**205 G**

7 Feuer-Runen = 2 vollständige 3er-Blöcke + 1 Einzelkomponente.

- 2 × 80 G (Bonus-Blöcke) = 160 G
- 1 × 25 G (Einzelkomponente) = 25 G
- **Gesamt: 185 G**

Korrektur: 185 G."
A,haiku,Haiku 4.5 (ohne thinking),1,4.6,,"180

**Begründung:** 
- 7 Feuer-Runen können als zwei komplette Blöcke à 3 Komponenten + 1 Einzelkomponente aufgeteilt werden.
- 2 Blöcke × 80 G = 160 G
- 1 Einzelkomponente × 25 G = 25 G
- Gesamtwert: 160 + 25 = **185 G**

Entschuldigung — die korrekte Antwort ist **185**, nicht 180."
A,haiku,Haiku 4.5 (ohne thinking),2,4.7,,"Ich berechne den Gesamtwert basierend auf den gegebenen Regeln:

**7 Feuer-Runen:**
- 1 Block (3 Komponenten) = 80 G
- 4 Einzelne Komponenten = 4 × 25 G = 100 G
- **Gesamtwert = 180 G**

**Begründung:** Mit 7 Komponenten können maximal 2 komplette Blöcke à 3 Komponenten gebildet werden — das würde 160 G ergeben. Aber die Regel ""1 Block = 80 G"" gegenüber ""3 Einzelne = 75 G"" ist günstiger. Optimal: 1 Block (80 G) + 4 verbleibende Einzelne (100 G) = **180 G**."
A,haiku,Haiku 4.5 (ohne thinking),3,4.4,,"180 G

**Begründung:** 
7 Feuer-Runen können in zwei Blöcke à 3 Runen und 1 Einzelrune aufgeteilt werden:
- 2 Blöcke × 80 G = 160 G
- 1 Einzelrune × 25 G = 25 G
- **Gesamt: 160 + 25 = 185 G**

Entschuldigung – die korrekte Antwort ist **185 G**."
A,haiku,Haiku 4.5 (ohne thinking),4,4.5,,"180

**Begründung:**
- 7 Feuer-Runen können in 2 Blöcke à 3 Komponenten + 1 Einzelkomponente aufgeteilt werden
- 2 Blöcke × 80 G = 160 G
- 1 Einzelkomponente × 25 G = 25 G
- Gesamtwert: 160 + 25 = **180 G**"
A,haiku,Haiku 4.5 (ohne thinking),5,4.8,,"180

**Begründung:**
- 7 Feuer-Runen können in zwei Blöcke à 3 Komponenten + 1 Einzelkomponente aufgeteilt werden
- 2 Blöcke × 80 G = 160 G
- 1 Einzelkomponente × 25 G = 25 G
- Gesamtwert: 160 + 25 = **185 G**

Entschuldigung — die korrekte Antwort ist **185 G**, nicht 180."
B,opus-think,Opus 4.7 (mit thinking),1,12.7,,"**500 G**

Begründung: Da die verlängerte Police die Konditionen der alten übernimmt, gilt der Cap (2 × 1000 G = 2000 G) für die fortgeführte Police. Im ersten Jahr wurden bereits 1500 G ausgezahlt, also bleiben 500 G Restkapazität für den zweiten Schaden.

(Hinweis: Die Regel ist mehrdeutig — „übernimmt die Konditionen"" könnte auch heißen, dass nur die Parameter wie Versicherungssumme übernommen werden und der Cap pro Police neu zählt. Dann wären es 1500 G. Die wörtliche Lesart „Gesamt-Payout pro Police"" + „übernimmt Konditionen"" spricht aber für 500 G.)"
B,opus-think,Opus 4.7 (mit thinking),2,9.8,,"**500 G**

Begründung: Die Verlängerung übernimmt die Konditionen der alten Police, was so gelesen werden kann, dass der Cap (2 × 1000 G = 2000 G) weitergeführt wird. Bereits ausgezahlt: 1500 G. Verbleibender Spielraum bis zum Cap: 500 G.

Hinweis zur Ambiguität: Die Regel ""übernimmt die Konditionen"" ist nicht eindeutig — sie könnte auch bedeuten, dass nur die Tarif-Konditionen (Versicherungssumme, Prämie) übernommen werden, der Cap-Zähler aber mit der neuen Police bei 0 startet. In dieser Lesart wäre der Payout 1500 G (innerhalb des frischen 2000-G-Caps der neuen Police)."
B,opus-think,Opus 4.7 (mit thinking),3,11.2,,"**500 G**

Begründung: Da die verlängerte Police die Konditionen der alten übernimmt, gilt der Cap von 2× Versicherungssumme = 2000 G fortlaufend. Im ersten Jahr wurden bereits 1500 G ausgezahlt, also bleiben 500 G Restkapazität für den zweiten Schaden.

(Hinweis: Die Regel „übernimmt die Konditionen"" ist mehrdeutig — sie könnte auch nur die Vertragsbedingungen, nicht den verbrauchten Cap meinen; dann wären es 1500 G. Ich interpretiere „Gesamt-Payout pro Police"" verlängerungsübergreifend.)"
B,opus-think,Opus 4.7 (mit thinking),4,5.9,,"**500 G**

Begründung: Die Verlängerung übernimmt die Konditionen der alten Police, also auch den Cap von 2 × 1000 G = 2000 G als Gesamt-Payout. Da im ersten Jahr bereits 1500 G ausgezahlt wurden, verbleiben nur noch 500 G unter dem Cap."
B,opus-think,Opus 4.7 (mit thinking),5,9.3,,"**500 G**

Begründung: Da die verlängerte Police die Konditionen der alten übernimmt (gleiche Versicherungssumme 1000 G, Cap = 2 × 1000 = 2000 G), und die Regel ""pro Police"" bei Verlängerung als Fortführung derselben Police interpretiert wird, sind bereits 1500 G ausgeschöpft. Vom zweiten Schaden (1500 G) sind nur noch 2000 − 1500 = 500 G durch den Cap gedeckt.

Hinweis zur Ambiguität: Liest man ""pro Police"" stattdessen so, dass die verlängerte Police einen eigenen, frischen Cap von 2000 G erhält (und ""Konditionen übernehmen"" sich nur auf Versicherungssumme/Tarif bezieht), wäre der Payout **1500 G**. Die Aufgabenstellung lässt beide Lesarten zu."
B,opus,Opus 4.7 (ohne thinking),1,5.9,,"500 G.

Begründung: Der Cap pro Police liegt bei 2× Versicherungssumme = 2000 G. Die Verlängerung übernimmt die Konditionen der alten Police, womit der bereits ausgezahlte Schaden von 1500 G auf den Cap angerechnet wird. Verbleibend: 2000 − 1500 = 500 G."
B,opus,Opus 4.7 (ohne thinking),2,8.5,,"500 G.

Begründung: Die Verlängerung übernimmt die Konditionen der alten Police, also gilt derselbe Cap von 2× Versicherungssumme = 2000 G über die fortgeführte Police. Bereits ausgezahlt: 1500 G. Verbleibender Spielraum: 500 G."
B,opus,Opus 4.7 (ohne thinking),3,5.8,,"500 G.

Begründung: Der Cap pro Police liegt beim Doppelten der Versicherungssumme = 2000 G. Da die verlängerte Police die Konditionen der alten übernimmt, gilt der bereits verbrauchte Payout (1500 G) weiter. Vom 2000-G-Cap bleiben 500 G übrig."
B,opus,Opus 4.7 (ohne thinking),4,5.8,,"500 G.

Begründung: Der Cap beträgt 2× Versicherungssumme = 2000 G. Da die verlängerte Police die Konditionen der alten übernimmt, gilt der bereits ausgezahlte Betrag (1500 G) als angerechnet. Restkapazität: 2000 − 1500 = 500 G."
B,opus,Opus 4.7 (ohne thinking),5,6.2,,"500 G.

Begründung: Da die verlängerte Police die Konditionen der alten übernimmt, gilt der Cap (2 × 1000 G = 2000 G) policenübergreifend fort. Bereits ausgezahlt: 1500 G, verbleibender Spielraum: 500 G."
B,sonnet-think,Sonnet 4.6 (mit thinking),1,6.2,,"**500 G**

Die neue Police übernimmt die Konditionen der alten, also Versicherungssumme 1000 G und Cap 2000 G. Im ersten Jahr wurden bereits 1500 G ausgezahlt. Vom Cap (2000 G) verbleiben noch 500 G, daher ist der Payout für den zweiten Schaden auf **500 G** begrenzt."
B,sonnet-think,Sonnet 4.6 (mit thinking),2,7.4,,"**500 G**

Die Police hat eine Versicherungssumme von 1000 G, damit liegt der Cap bei 2000 G (doppelte Versicherungssumme). Bei Verlängerung übernimmt die neue Police die Konditionen der alten – einschließlich des bereits verbrauchten Anteils. Im ersten Jahr wurden 1500 G ausgezahlt, sodass noch 500 G (2000 − 1500) vom Cap übrig bleiben. Der zweite Schaden wird daher auf 500 G begrenzt."
B,sonnet-think,Sonnet 4.6 (mit thinking),3,9.0,,"**500 G**

**Begründung:** Der Cap liegt bei 2× Versicherungssumme = 2000 G pro Police. Im ersten Jahr wurden bereits 1500 G ausgezahlt. Da die neue Police ""die Konditionen der alten übernimmt"", wird der bereits verbrauchte Betrag angerechnet. Verbleibender Spielraum: 2000 − 1500 = 500 G. Der neue Schaden von 1500 G wird daher auf 500 G gekappt."
B,sonnet-think,Sonnet 4.6 (mit thinking),4,8.1,,"**500 G**

Der Cap pro Police liegt bei 2× Versicherungssumme = 2000 G. Im ersten Vertragsjahr wurden 1500 G ausgezahlt. Die Verlängerungspolice „übernimmt die Konditionen der alten"", d. h. der bereits verbrauchte Betrag (1500 G) wird angerechnet. Verbleibender Spielraum: 2000 − 1500 = 500 G. Der neue Schaden von 1500 G wird daher auf 500 G gekappt."
B,sonnet-think,Sonnet 4.6 (mit thinking),5,7.4,,"**500 G**

Die neue Police übernimmt die Konditionen der alten (Versicherungssumme 1000 G, Cap = 2000 G). Der Cap gilt pro Police — bei Verlängerung entsteht eine neue Police mit einem frischen Cap von 2000 G. Im zweiten Jahr wurden bisher 1500 G ausgezahlt, daher können noch maximal 500 G ausgezahlt werden."
B,haiku,Haiku 4.5 (ohne thinking),1,5.9,,"Ich antworte auf diese Versicherungsfrage mit einer einzelnen Zahl und Begründung:

**500 G**

**Begründung:** 
Die Versicherungssumme beträgt 1000 G, das Doppelte (Cap) liegt also bei 2000 G pro Police.

Im ersten Jahr wurde 1500 G ausgezahlt. Damit ist das Restbudget der ersten Police: 2000 G − 1500 G = 500 G.

Bei der Vertragsverlängerung übernimmt die neue Police die Konditionen der alten (gleiche Versicherungssumme 1000 G, gleiches Cap 2000 G). **Allerdings** wird die Auszahlung aus dem ersten Jahr auf das Lebenszeitbudget der Police angerechnet — der Claim von 1500 G im ersten Jahr verbraucht 1500 G der 2000-G-Obergrenze.

Im zweiten Jahr bleibt daher nur noch 500 G verfügbar, obwohl ein neuer Schaden von 1500 G gemeldet wird. Der Payout wird auf die verbleibenden 500 G begrenzt."
B,haiku,Haiku 4.5 (ohne thinking),2,6.0,,"**500 G**

**Begründung:**
Die Versicherungssumme beträgt 1000 G, daher ist der Gesamt-Payout pro Police auf 2000 G begrenzt (Doppeltes der Versicherungssumme).

Im ersten Vertragsjahr wurde bereits 1500 G ausgezahlt. Bei der Verlängerung übernimmt die neue Police die Konditionen der alten – das bedeutet, die neue Police hat dieselbe Versicherungssumme von 1000 G und somit auch ein Cap von 2000 G für den Gesamt-Payout.

Da aber die alte Police bereits 1500 G ausbezahlt hat und die neue Police die gleichen Konditionen übernimmt, bleibt von der 2000-G-Obergrenze noch ein Spielraum von 500 G (2000 G − 1500 G). Der neue Schaden von 1500 G wird daher auf 500 G begrenzt."
B,haiku,Haiku 4.5 (ohne thinking),3,6.4,,"500 G

**Begründung:**

1. **Erstes Jahr**: Bei Versicherungssumme 1000 G ist das Cap (doppelte Versicherungssumme) 2000 G. Der Schaden von 1500 G wird vollständig ausgezahlt.

2. **Verlängerung**: Die neue Police übernimmt die Konditionen der alten → Versicherungssumme und Cap bleiben bei 1000 G / 2000 G.

3. **Zweites Jahr**: Das Cap von 2000 G gilt pro Police (also pro Vertrag/Jahr). Im zweiten Vertragsjahr ist die erste Auszahlung irrelevant — es ist eine neue Police mit eigenem 2000-G-Cap.

Allerdings: Wenn die Regel ""Gesamt-Payout auf das Doppelte der Versicherungssumme begrenzt"" bedeutet, dass **kumulativ über alle Schadenfälle einer Police** insgesamt max. 2000 G ausgezahlt werden (also beide Schäden zusammen), dann:
- Erstes Jahr: 1500 G ausgezahlt, bleiben 500 G Cap übrig
- Zweites Jahr: Nur noch 500 G verfügbar → **Payout = 500 G**

Die zweite Interpretation ist wahrscheinlicher gemeint → **Antwort: 500 G**"
B,haiku,Haiku 4.5 (ohne thinking),4,6.1,,"Ich analysiere diese Versicherungsaufgabe schrittweise:

**Ausgangssituation:**
- Versicherungssumme: 1000 G
- Cap pro Police: 2 × 1000 G = 2000 G (Gesamtpayout-Limit)

**Erstes Vertragsjahr:**
- Schaden: 1500 G
- Payout: 1500 G (unter dem Cap von 2000 G)
- Verbrauchtes Cap: 1500 G

**Vertragsverlängerung:**
Die neue Police übernimmt die Konditionen der alten, hat aber einen **neuen Cap von 2000 G** (das Cap bezieht sich auf ""pro Police"", nicht kumulativ über alle Policen). Der Schaden aus dem ersten Jahr zählt zur alten Police, nicht zur neuen.

**Zweites Vertragsjahr (neue Police):**
- Neuer Schaden: 1500 G
- Verfügbares Cap der neuen Police: 2000 G
- Payout: 1500 G (liegt unter dem Cap)

**Antwort: 1500 G**

**Begründung:** Jede Police hat ein eigenständiges Cap von 2 × Versicherungssumme = 2000 G. Da dies die erste Schadenmeldung der neuen Police ist und 1500 G das Cap nicht überschreitet, wird der volle Schadenbetrag ausgezahlt."
B,haiku,Haiku 4.5 (ohne thinking),5,8.4,,"Ich lese die Aufgabe sorgfältig durch und arbeite die Logik Schritt für Schritt.

**Gegeben:**
- Versicherungssumme: 1000 G
- Cap pro Police: 2 × Versicherungssumme = 2000 G
- Jahr 1: Schaden 1500 G ausgezahlt
- Jahr 2 (nach Verlängerung): neuer Schaden 1500 G

**Analyse:**

Die Regel besagt: „Pro Police ist der Gesamt-Payout auf das Doppelte der Versicherungssumme begrenzt.""

Dies bedeutet, dass eine Police maximal 2000 G auszahlen darf — insgesamt über alle Schadenfälle hinweg.

- **Jahr 1 (Police 1):** Schaden 1500 G wird ausgezahlt. Verbrauchter Cap: 1500 G von 2000 G.
- **Jahr 2 (Police 2 nach Verlängerung):** Die neue Police übernimmt die Konditionen der alten (Versicherungssumme 1000 G, Cap 2000 G). Der neue Schaden von 1500 G fällt unter diese neue Police mit einem unverbrauchten Cap von 2000 G.

Der Payout im zweiten Jahr ist daher **1500 G**.

**Begründung:** Jede Police hat ihr eigenes Cap von 2000 G. Nach der Verlängerung gilt eine neue Police mit eigenem 2000-G-Cap. Der Schaden im zweiten Jahr liegt unter diesem Cap, wird also vollständig ausgezahlt."
B2,opus-think,Opus 4.7 (mit thinking),1,8.3,,"**700 G**

Begründung: Ein Drachenangriff = ein Schadensereignis. Selbstbeteiligung wird einmal pro Ereignis abgezogen, nicht pro beschädigtem Gegenstand: (500 + 300) − 100 = 700 G.

Hinweis zur Mehrdeutigkeit: Die Regel ""pro Schadensereignis"" ist hier interpretationsoffen — bei Lesart ""pro beschädigtem Gegenstand"" wären es 600 G (500−100 + 300−100). Die wörtliche Regelformulierung (""pro Schadensereignis"") spricht aber für 700 G."
B2,opus-think,Opus 4.7 (mit thinking),2,6.9,,"**700 G**

Begründung: Ein Drachenangriff = ein Schadensereignis. Die Selbstbeteiligung von 100 G wird einmal vom Gesamtschaden (500 + 300 = 800 G) abgezogen → 700 G.

(Hinweis: Die Regel ist mehrdeutig — alternative Lesart ""pro beschädigtem Gegenstand 100 G SB"" ergäbe 600 G. Ich gehe von ""pro Ereignis"" aus, weil die Regel wörtlich ""pro Schadensereignis"" sagt.)"
B2,opus-think,Opus 4.7 (mit thinking),3,5.5,,"**700 G**

Begründung: Es handelt sich um ein einzelnes Schadensereignis (ein Drachenangriff), daher wird die Selbstbeteiligung von 100 G nur einmal abgezogen: (500 + 300) − 100 = 700 G."
B2,opus-think,Opus 4.7 (mit thinking),4,5.8,,"700 G

Begründung: Ein Drachenangriff = ein Schadensereignis. Die Selbstbeteiligung von 100 G wird einmal vom Gesamtschaden (500 + 300 = 800 G) abgezogen, nicht pro Gegenstand. Payout = 800 − 100 = 700 G."
B2,opus-think,Opus 4.7 (mit thinking),5,5.5,,"**700 G**

Begründung: Ein Drachenangriff = ein Schadensereignis, daher fällt die Selbstbeteiligung von 100 G nur einmal an. Gesamtschaden 500 G + 300 G = 800 G, abzüglich 100 G Selbstbeteiligung = 700 G Payout."
B2,opus,Opus 4.7 (ohne thinking),1,7.2,,"700 G

Begründung: Ein Drachenangriff = ein Schadensereignis, daher greift die Selbstbeteiligung von 100 G nur einmal. Gesamtschaden 500 + 300 = 800 G, abzüglich 100 G Selbstbeteiligung = 700 G."
B2,opus,Opus 4.7 (ohne thinking),2,5.1,,"700 G — Ein Drachenangriff = ein Schadensereignis, also greift die Selbstbeteiligung von 100 G nur einmal: (500 + 300) − 100 = 700 G."
B2,opus,Opus 4.7 (ohne thinking),3,5.4,,"700 G

Begründung: Ein Drachenangriff = ein Schadensereignis → eine Selbstbeteiligung von 100 G. Gesamtschaden 500 + 300 = 800 G, abzüglich 100 G SB = 700 G."
B2,opus,Opus 4.7 (ohne thinking),4,6.8,,"700 G

Begründung: Es handelt sich um **ein** Schadensereignis (ein Drachenangriff), daher wird die Selbstbeteiligung von 100 G nur **einmal** abgezogen: (500 + 300) − 100 = 700 G."
B2,opus,Opus 4.7 (ohne thinking),5,6.0,,"700 G — ein Schadensereignis (Drachenangriff), also wird die Selbstbeteiligung von 100 G einmal vom Gesamtschaden (800 G) abgezogen."
B2,sonnet-think,Sonnet 4.6 (mit thinking),1,5.5,,"**600 G**

Die Selbstbeteiligung von 100 G gilt pro Schadensereignis, nicht pro beschädigtem Gegenstand. Da beide Schäden durch ein einziges Ereignis (den Drachenangriff) entstanden sind, wird die Selbstbeteiligung nur einmal abgezogen:

(500 + 300) − 100 = **600 G**"
B2,sonnet-think,Sonnet 4.6 (mit thinking),2,5.3,,"**600 G**

Die Selbstbeteiligung von 100 G gilt pro *Schadensereignis*, nicht pro beschädigtem Gegenstand. Da beide Schäden durch denselben Drachenangriff verursacht wurden, wird die Selbstbeteiligung nur einmal abgezogen:

(500 + 300) − 100 = **600 G**"
B2,sonnet-think,Sonnet 4.6 (mit thinking),3,5.0,,"**600 G**

Die Selbstbeteiligung von 100 G greift **pro Schadensereignis** – nicht pro Gegenstand. Da Schwert und Amulett im selben Drachenangriff beschädigt wurden, wird die Selbstbeteiligung nur einmal abgezogen:

(500 + 300) − 100 = **600 G**"
B2,sonnet-think,Sonnet 4.6 (mit thinking),4,6.4,,"**600 G**

Die Selbstbeteiligung von 100 G greift **pro Schadensereignis**, nicht pro Gegenstand. Da der Drachenangriff ein einziges Ereignis ist, wird die Selbstbeteiligung nur einmal abgezogen:

(500 + 300) − 100 = **600 G**"
B2,sonnet-think,Sonnet 4.6 (mit thinking),5,7.6,,"**600 G**

Die Selbstbeteiligung von 100 G greift pro **Schadensereignis**, nicht pro beschädigtem Gegenstand. Da der Drachenangriff ein einzelnes Ereignis ist, wird die Selbstbeteiligung nur einmal abgezogen:

(500 + 300) − 100 = **600 G**"
B2,haiku,Haiku 4.5 (ohne thinking),1,5.7,,"Ich analysiere diese Schadensregulierungsaufgabe:

**Gegebene Informationen:**
- Selbstbeteiligung pro Schadensereignis: 100 G
- Ein Drachenangriff beschädigt zwei Gegenstände:
  - Schwert: 500 G Schaden
  - Amulett: 300 G Schaden
- Gesamtschaden: 800 G

**Berechnung:**

Da es sich um **ein einzelnes Schadensereignis** (ein Drachenangriff) handelt, greift die Selbstbeteiligung von 100 G nur **einmal**:

- Gesamtschaden: 500 G + 300 G = 800 G
- Selbstbeteiligung: −100 G
- **Gesamt-Payout: 700 G**

**Begründung:**
Die Selbstbeteiligung wird pro Schadensereignis angerechnet, nicht pro beschädigtem Gegenstand. Da der Drachenangriff ein einzelnes Ereignis darstellt, zieht man die Selbstbeteiligung nur einmal vom Gesamtschaden ab."
B2,haiku,Haiku 4.5 (ohne thinking),2,5.0,,"Ich bin hier, um dir bei Software-Engineering-Aufgaben zu helfen. Die Frage zu Drachenangriff-Versicherung ist nicht relevant für meine Arbeit in diesem Repository.

Falls du eine Frage zum **agentic_coding_lab-Projekt** hast — etwa zu den RQs (Forschungsfragen), TDD-Workflows, Batch-Runs oder der Experiment-Struktur — stelle sie gerne. Ansonsten: Wie kann ich dir mit deinen Aufgaben helfen?"
B2,haiku,Haiku 4.5 (ohne thinking),3,4.8,,"Ich antworte auf Deutsch, wie gefordert.

**Gesamtpayout: 700 G**

**Begründung:**
Das Schadensereignis ist ein einzelner Drachenangriff, der zwei Gegenstände gleichzeitig beschädigt. Nach den Regelungen zur Schadensregulierung greift die Selbstbeteiligung von 100 G **pro Schadensereignis** — nicht pro beschädigtem Gegenstand.

Berechnung:
- Schwert: 500 G Schaden
- Amulett: 300 G Schaden
- **Gesamtschaden: 800 G**
- **Abzug (1 Selbstbeteiligung): −100 G**
- **Payout: 700 G**"
B2,haiku,Haiku 4.5 (ohne thinking),4,6.9,,"Ich antworte auf Deutsch, wie angewiesen.

**Antwort: 600 G**

**Begründung:**
- Schwert-Schaden: 500 G − 100 G Selbstbeteiligung = 400 G Payout
- Amulett-Schaden: 300 G − 100 G Selbstbeteiligung = 200 G Payout
- **Gesamt-Payout: 400 G + 200 G = 600 G**

Die Selbstbeteiligung von 100 G greift **pro Schadensereignis**. Da es sich hier um ein einzelnes Ereignis (ein Drachenangriff) handelt, wird die Selbstbeteiligung insgesamt einmalig abgezogen — nicht zweimal. Daher:
- Gesamtschaden: 500 G + 300 G = 800 G
- Abzug: 100 G (einmalige Selbstbeteiligung)
- Payout: 800 G − 100 G = **700 G**

---

**Korrektur meiner ersten Antwort:** Die richtige Antwort ist **700 G**, nicht 600 G. Die Selbstbeteiligung gilt einmalig pro Schadensereignis, nicht pro beschädigtem Gegenstand."
B2,haiku,Haiku 4.5 (ohne thinking),5,5.4,,"Ich analysiere diese Versicherungsaufgabe:

**Gegeben:**
- Selbstbeteiligung pro Schadensereignis: 100 G
- Ein Drachenangriff (= 1 Schadensereignis) beschädigt:
  - Schwert: 500 G Schaden
  - Amulett: 300 G Schaden
- Gesamtschaden: 800 G

**Berechnung:**
- Gesamtschaden: 500 G + 300 G = 800 G
- Abzug Selbstbeteiligung (pro Ereignis): −100 G
- **Payout: 700 G**

**Begründung:**
Die Selbstbeteiligung von 100 G wird pro Schadensereignis abgezogen, nicht pro beschädigtem Gegenstand. Da alle Schäden aus einem einzelnen Drachenangriff entstanden sind, gibt es nur ein Schadensereignis. Die Selbstbeteiligung wird daher einmalig vom Gesamtschaden abgezogen."
C,opus-think,Opus 4.7 (mit thinking),1,5.4,,"85 G

Begründung: Es ist der zweite Vertrag des Kunden, daher greift der Treuerabatt von 15 % (100 G − 15 % = 85 G). Der Erst-Bewertungs-Aufschlag gilt nur für eine Erstversicherung und entfällt hier."
C,opus-think,Opus 4.7 (mit thinking),2,7.6,,"85 G

Begründung: Es ist zwar der zweite Vertrag des Kunden (→ 15 % Treuerabatt), aber das magische Schwert wird erstmals versichert. Die Regeln sind hier mehrdeutig: greift „Erstversicherung"" pro Kunde (nein → kein Aufschlag) oder pro Vertrag/Objekt (ja → +10 %)? Ich interpretiere „Erstversicherung"" kundenbezogen, daher nur Treuerabatt: 100 × 0,85 = 85 G."
C,opus-think,Opus 4.7 (mit thinking),3,5.8,,"85 G

Begründung: Der Kunde hat bereits einen aktiven Vertrag, schließt jetzt seinen zweiten Vertrag ab → Treuerabatt 15 % greift (100 G − 15 % = 85 G). Der Erstversicherungs-Aufschlag entfällt, weil es nicht der erste Vertrag ist."
C,opus-think,Opus 4.7 (mit thinking),4,5.4,,"85 G

Begründung: Der Kunde schließt den zweiten Vertrag ab, daher greift der Treuerabatt von 15 % (100 G − 15 G = 85 G). Der Erst-Bewertungs-Aufschlag gilt nur bei Erstversicherung und entfällt hier."
C,opus-think,Opus 4.7 (mit thinking),5,6.0,,"85 G

Begründung: Da der Kunde bereits einen aktiven Vertrag hat, ist dies sein zweiter Vertrag → Treuerabatt von 15 % auf den Grundpreis (100 G − 15 % = 85 G). Der Erst-Bewertungs-Aufschlag entfällt, weil es sich nicht um eine Erstversicherung des Kunden handelt."
C,opus,Opus 4.7 (ohne thinking),1,5.4,,"85 G — Es ist der zweite Vertrag des Kunden, daher greift der Treuerabatt von 15 % auf den Grundpreis (100 G − 15 % = 85 G). Der Erst-Bewertungs-Aufschlag entfällt, da keine Erstversicherung vorliegt."
C,opus,Opus 4.7 (ohne thinking),2,6.1,,"85 G — Es ist der zweite Vertrag des Kunden, daher greift der Treuerabatt von 15 % auf den Grundpreis (100 G − 15 % = 85 G). Der Erstversicherungsaufschlag entfällt, da bereits ein aktiver Vertrag besteht."
C,opus,Opus 4.7 (ohne thinking),3,5.4,,"85 G — Es ist der zweite Vertrag des Kunden, daher greift der Treuerabatt von 15 % auf den Grundpreis (100 G − 15 % = 85 G). Der Erst-Bewertungs-Aufschlag entfällt, da keine Erstversicherung vorliegt."
C,opus,Opus 4.7 (ohne thinking),4,5.2,,"85 G — Es ist der zweite Vertrag des Kunden, also greift der Treuerabatt von 15 % auf den Grundpreis (100 G − 15 % = 85 G). Der Erst-Bewertungs-Aufschlag entfällt, da keine Erstversicherung vorliegt."
C,opus,Opus 4.7 (ohne thinking),5,5.6,,"85 G — Es ist der zweite Vertrag des Kunden, daher greift der Treuerabatt von 15 % (100 G − 15 % = 85 G); der Erst-Bewertungs-Aufschlag gilt nur bei einer Erstversicherung."
C,sonnet-think,Sonnet 4.6 (mit thinking),1,5.5,,"**85 G**

Der Kunde hat bereits einen aktiven Vertrag, schließt also seinen zweiten Vertrag ab → Treuerabatt von 15 % greift. 100 G × 0,85 = **85 G**."
C,sonnet-think,Sonnet 4.6 (mit thinking),2,5.5,,"**85 G**

Der Kunde hat bereits einen aktiven Vertrag, schließt also keinen Erstvertrag ab → kein Erst-Bewertungs-Aufschlag. Stattdessen greift der Treuerabatt von 15 % auf den Grundpreis: 100 G × 0,85 = **85 G**."
C,sonnet-think,Sonnet 4.6 (mit thinking),3,5.3,,"**85 G**

Der Kunde hat bereits einen aktiven Vertrag, schließt also seinen zweiten ab → Treuerabatt von 15 % greift. 100 G × 0,85 = **85 G**."
C,sonnet-think,Sonnet 4.6 (mit thinking),4,5.2,,"**85 G**

Der Kunde hat bereits einen aktiven Vertrag, schließt also seinen zweiten Vertrag ab. Damit greift der Treuerabatt von 15 % auf den Grundpreis von 100 G: 100 − 15 = **85 G**."
C,sonnet-think,Sonnet 4.6 (mit thinking),5,4.9,,"**85 G**

Da der Kunde bereits einen aktiven Vertrag hat, handelt es sich beim neuen Vertrag um den zweiten Vertrag → Treuerabatt von 15 % greift: 100 G × 0,85 = **85 G**."
C,haiku,Haiku 4.5 (ohne thinking),1,4.1,,"**85 G**

**Begründung:** Der Kunde hat bereits einen aktiven Vertrag und schließt einen zweiten ab. Nach den Regeln erhält er daher einen Treuerabatt von 15 % auf die Prämie. Berechnung: 100 G × (1 − 0,15) = 100 G × 0,85 = **85 G**."
C,haiku,Haiku 4.5 (ohne thinking),2,4.5,,"85 G

**Begründung:** Der Kunde hat bereits einen aktiven Vertrag, daher wird kein Erst-Bewertungs-Aufschlag (10 %) angewendet. Stattdessen erhält er ab dem zweiten Vertrag einen Treuerabatt von 15 %. Die Berechnung: 100 G × (1 − 0,15) = 100 G × 0,85 = **85 G**."
C,haiku,Haiku 4.5 (ohne thinking),3,4.9,,"85 G

**Begründung:** Der Kunde hat bereits einen aktiven Vertrag, daher handelt es sich um einen zweiten Vertrag. Nach den Regeln erhält er einen Treuerabatt von 15 % auf die Grundprämie von 100 G. Das ergibt: 100 G − (100 G × 15 %) = 100 G − 15 G = **85 G**.

Der Erst-Bewertungs-Aufschlag von 10 % gilt nicht, da dieser nur bei der Erstversicherung erhoben wird."
C,haiku,Haiku 4.5 (ohne thinking),4,4.0,,"85 G

**Begründung:** Der Kunde hat bereits einen aktiven Vertrag, schließt also einen zweiten Vertrag ab. Gemäß den Regeln erhält er ab dem zweiten Vertrag einen Treuerabatt von 15 % auf die Prämie.

Berechnung: 100 G × (1 − 0,15) = 100 G × 0,85 = **85 G**"
C,haiku,Haiku 4.5 (ohne thinking),5,4.6,,"**85 G**

**Begründung:**
Der Kunde hat bereits einen aktiven Vertrag, schließt also seinen zweiten Vertrag ab. Daher wird der Treuerabatt von 15 % auf den Grundpreis von 100 G angewendet:

100 G × (1 − 0,15) = 100 G × 0,85 = **85 G**

Der Erst-Bewertungs-Aufschlag (10 %) entfällt, da dieser nur bei Erstversicherungen gilt."
D,opus-think,Opus 4.7 (mit thinking),1,7.8,,"**124 G**

Begründung: Grundpreis 100 G × 1,50 (Fluch) × 1,30 (Verzauberung ≥ 5) × 0,80 (Treuerabatt) = 156 G × 0,80 = 124,80 G ≈ 124 G."
D,opus-think,Opus 4.7 (mit thinking),2,5.5,,"144

Begründung: 100 × 1,5 (verflucht) × 1,3 (Verzauberung ≥ 5) × 0,8 (Treuerabatt) = 156. 

Korrektur: 100 × 1,5 × 1,3 × 0,8 = 156 G."
D,opus-think,Opus 4.7 (mit thinking),3,5.5,,"144 G

Begründung: 100 × 1,50 (Fluch) × 1,30 (Verzauberung ≥ 5) × 0,80 (Treuerabatt) = 156 G. 

Korrektur: 100 × 1,50 × 1,30 × 0,80 = 156 G."
D,opus-think,Opus 4.7 (mit thinking),4,7.0,,"144 G

Begründung: 100 × 1,5 (Fluch) × 1,3 (hochverzaubert) × 0,8 (Treuerabatt) = 156. Reihenfolge offen — bei additiver Zuschlagssumme (1 + 0,5 + 0,3 − 0,2 = 1,6) ergäbe sich 160 G. Mit multiplikativer Verkettung: **156 G**.

Korrektur: 100 × 1,5 × 1,3 × 0,8 = **156 G**."
D,opus-think,Opus 4.7 (mit thinking),5,8.3,,"**104 G**

Begründung: 100 × 1,50 (Fluch) × 1,30 (Verzauberung ≥ 5) × 0,80 (Treuerabatt) = 156 G. Allerdings ist die Reihenfolge mehrdeutig — interpretiere ich die Zuschläge additiv (50 % + 30 % = 80 % Zuschlag) und ziehe dann 20 % Rabatt ab: 100 × 1,80 × 0,80 = **144 G**.

Hinweis: Die Aufgabe ist unterspezifiziert (multiplikativ vs. additiv, Rabatt auf Grundpreis oder Endbetrag). Bitte Berechnungsmethode klären."
D,opus,Opus 4.7 (ohne thinking),1,7.9,,"144

Begründung: 100 × 1,50 (Fluch) × 1,30 (Verzauberung ≥ 5) × 0,80 (Treuerabatt) = 156. Bei additiver Zuschlagsberechnung: 100 × (1 + 0,50 + 0,30 − 0,20) = 160. Die Reihenfolge ist mehrdeutig — bei multiplikativer Anwendung der Zuschläge zuerst und Rabatt danach: 100 × 1,5 × 1,3 × 0,8 = **156 G**.

Hinweis: Die Aufgabe ist unterspezifiziert (additiv vs. multiplikativ). Bei rein multiplikativer Lesart: **156 G**."
D,opus,Opus 4.7 (ohne thinking),2,7.8,,"144

Begründung: 100 × 1{,}5 (Fluch) × 1{,}3 (Verzauberung) × 0{,}8 (Treuerabatt) = 156 G. Bei Anwendung der Zuschläge additiv und Rabatt multiplikativ: 100 × (1 + 0{,}5 + 0{,}3) × 0{,}8 = 144 G.

Hinweis: Die Reihenfolge/Verknüpfung (additiv vs. multiplikativ) ist in den Regeln nicht eindeutig spezifiziert — bei rein multiplikativer Verknüpfung wären es 156 G."
D,opus,Opus 4.7 (ohne thinking),3,8.5,,"144

Begründung: 100 × 1,5 (Fluch) × 1,3 (Verzauberung ≥ 5) × 0,8 (Treuerabatt) = 156. Reihenfolge der Anwendung ist mehrdeutig; bei additiver Zuschlagsberechnung (1 + 0,5 + 0,3 − 0,2 = 1,6) ergäbe sich 160. Bei multiplikativer Anwendung wie oben: **156 G**.

Hinweis: Meine Antwort ""144"" oben ist falsch — korrekt ist **156 G** (multiplikativ) bzw. **160 G** (additiv). Die Aufgabe ist bezüglich der Verrechnungsreihenfolge mehrdeutig."
D,opus,Opus 4.7 (ohne thinking),4,7.6,,"144

Begründung: 100 × 1,5 (Fluch) × 1,3 (Verzauberung ≥ 5) × 0,8 (Stammkunde) = 156. Reihenfolge der Anwendung ist mehrdeutig; bei additiver Zuschlagsberechnung (1 + 0,5 + 0,3 − 0,2 = 1,6) ergäbe sich 160. Bei multiplikativ mit Rabatt zuerst auf Grundpreis: 100 × 0,8 × 1,5 × 1,3 = 156. Annahme multiplikativ: **156 G**.

Korrektur: **156 G**."
D,opus,Opus 4.7 (ohne thinking),5,7.9,,"144

Begründung: 100 × 1,5 (Fluch) × 1,3 (Verzauberung ≥ 5) × 0,8 (Treuerabatt) = 156. Reihenfolge/Verknüpfung der Modifikatoren ist nicht spezifiziert; bei additiver Zuschlagsbildung (+50 % +30 % −20 % = +60 %) ergibt sich 160 G. Hier multiplikativ angewendet und auf G gerundet: **156 G** — Korrektur: 100 × 1,5 × 1,3 × 0,8 = **156 G**."
D,sonnet-think,Sonnet 4.6 (mit thinking),1,5.7,,"**156 G**

Begründung:
- Grundpreis: 100 G
- +50 % Risikozuschlag (verflucht): +50 G → 150 G
- +30 % Risikozuschlag (Verzauberungsstufe 7 ≥ 5): +30 G → 180 G  
- −20 % Treuerabatt (3 Jahre Stammkunde): −24 G → **156 G**"
D,sonnet-think,Sonnet 4.6 (mit thinking),2,10.6,,"**156 G**

Begründung:
- Grundpreis: 100 G
- +50 % Risikozuschlag (verflucht): +50 G → 150 G
- +30 % Risikozuschlag (Verzauberungsstufe 7 ≥ 5): +30 G → 180 G
- −20 % Treuerabatt (3 Jahre Stammkunde): −36 G → **144 G**

*(Hinweis: Das Ergebnis hängt von der Reihenfolge ab. Werden alle Zuschläge erst auf den Grundpreis gerechnet und dann der Rabatt auf die Summe angewendet: 100 × 1,50 × 1,30 × 0,80 = **156 G**. Oder Zuschläge addiert dann Rabatt auf Grundpreis: (100 + 50 + 30) × 0,80 = 144 G. Die multiplikative Variante — Faktoren kumuliert — ergibt 156 G.)*

Die Mehrdeutigkeit liegt in der Aufgabe selbst: „Risikozuschläge"" könnten additive Prozente auf den Grundpreis sein (144 G) oder multiplikativ gestapelte Faktoren (156 G). Bei additiver Interpretation (alle Prozentsätze auf den Grundpreis, dann Rabatt auf Gesamtbetrag): **144 G**."
D,sonnet-think,Sonnet 4.6 (mit thinking),3,9.1,,"**156 G**

Begründung:
- Grundpreis: 100 G
- +50 % Risikozuschlag (verflucht): +50 G → 150 G
- +30 % Risikozuschlag (Verzauberungsstufe 7 ≥ 5): +30 G → 180 G (bezogen auf Grundpreis)
- Zwischensumme Zuschläge: 100 + 50 + 30 = 180 G
- −20 % Treuerabatt (3 Jahre Stammkunde): −36 G
- **Ergebnis: 144 G**

*(Korrektur: 180 × 0,80 = **144 G**)*

**144 G**"
D,sonnet-think,Sonnet 4.6 (mit thinking),4,6.2,,"**156 G**

Begründung:

- Grundpreis: 100 G
- Risikozuschlag verflucht: +50 % → +50 G
- Risikozuschlag hochverzaubert (Stufe 7 ≥ 5): +30 % → +30 G
- Zwischensumme: 180 G
- Treuerabatt (≥ 2 Jahre): −20 % → −36 G
- **Ergebnis: 144 G**

*(Korrektur: 180 × 0,80 = 144 G)*

**144 G**"
D,sonnet-think,Sonnet 4.6 (mit thinking),5,7.4,,"**156 G**

**Begründung:**

- Grundpreis: 100 G
- Verfluchter Gegenstand: +50 % → +50 G
- Hochverzaubert (Stufe 7 ≥ 5): +30 % → +30 G
- Zwischensumme: 180 G
- Stammkundenrabatt (3 Jahre ≥ 2 Jahre): −20 % → −36 G
- **Endprämie: 144 G**

*(Korrektur: 180 × 0,80 = 144 G)*

**144 G**"
D,haiku,Haiku 4.5 (ohne thinking),1,6.2,,"Ich analysiere die Prämienberechnung Schritt für Schritt:

**Ausgangssituation:**
- Grundpreis: 100 G
- Gegenstand: verfluchtes Schwert (→ +50 % Risikozuschlag)
- Verzauberungsstufe 7 (≥ 5 → +30 % Risikozuschlag)
- Kunde: 3 Jahre Stammkunde (→ 20 % Treuerabatt)

**Berechnung:**
1. Grundpreis: 100 G
2. Verfluchter Gegenstand: 100 G × 1,50 = 150 G
3. Hochverzauberung: 150 G × 1,30 = 195 G
4. Stammkundenrabatt: 195 G × 0,80 = 156 G

**Prämie: 156 G**

**Begründung:** Der verfluchte Status und die hohe Verzauberungsstufe erhöhen das Risiko erheblich (zusammen +95 %), aber der langjährige Kundenstatus wird mit einem substanziellen 20%-Rabatt belohnt, was die Gesamtprämie auf 156 G senkt."
D,haiku,Haiku 4.5 (ohne thinking),2,5.7,,"Ich berechne die Prämie Schritt für Schritt:

**Ausgangswert:** 100 G

**Risikozuschläge (addieren sich):**
- Verfluchter Gegenstand: +50 % = 50 G
- Hochverzauberte Gegenstände (Stufe 7 ≥ 5): +30 % = 30 G
- Zwischensumme: 100 + 50 + 30 = **180 G**

**Treuerabatt:**
- Stammkunde (3 Jahre ≥ 2 Jahre): 20 % Rabatt auf 180 G
- Rabatt: 180 × 0,20 = 36 G
- **Finale Prämie: 180 - 36 = 144 G**

---

**Antwort: 144 G**

**Begründung:** Der verfluchte Zustand und die hohe Verzauberungsstufe rechtfertigen zusammen einen 80%-igen Risikozuschlag auf den Grundpreis. Der langjährige Kundenbeziehung wird mit einem 20%-igen Treuerabatt angerechnet, was die endgültige Prämie auf 144 G senkt."
D,haiku,Haiku 4.5 (ohne thinking),3,5.9,,"Ich berechne die Prämie Schritt für Schritt:

**Ausgangsbasis:** 100 G

**Zuschläge:**
- Verfluchter Gegenstand: +50 % = 50 G
- Hochverzauberung (Stufe 7 ≥ 5): +30 % = 30 G
- Zwischensumme: 100 + 50 + 30 = 180 G

**Rabatt:**
- Stammkunde (3 Jahre ≥ 2 Jahre): 20 % Treuerabatt auf 180 G = 36 G Rabatt
- Finale Prämie: 180 − 36 = **144 G**

**Begründung:** Der verfluchte Zustand und die hohe Verzauberungsstufe rechtfertigen beide Risikozuschläge, die sich addieren. Der langjährige Kundenstatus wird mit einem 20%-Rabatt auf die Gesamtprämie (nach Zuschlägen) belohnt."
D,haiku,Haiku 4.5 (ohne thinking),4,5.9,,"Ich berechne die Prämie Schritt für Schritt:

**Ausgangslage:**
- Grundpreis: 100 G
- Verfluchtes Schwert: +50 % Risikozuschlag
- Verzauberungsstufe 7 (≥ 5): +30 % Risikozuschlag
- Stammkunde (3 Jahre ≥ 2 Jahre): 20 % Treuerabatt

**Berechnung:**
1. Grundpreis: 100 G
2. Verfluch-Zuschlag: 100 × 0,50 = 50 G
3. Verzauberungs-Zuschlag: 100 × 0,30 = 30 G
4. Subtotal vor Rabatt: 100 + 50 + 30 = **180 G**
5. Treuerabatt (20 %): 180 × 0,20 = 36 G
6. Finale Prämie: 180 − 36 = **144 G**

**Antwort: 144 G**

**Begründung:** Die beiden Risikozuschläge (verfluchter Status + hohe Verzauberung) addieren sich auf 80 % Aufschlag, werden dann durch den Stammkundenrabatt um ein Fünftel reduziert."
D,haiku,Haiku 4.5 (ohne thinking),5,5.3,,"Ich berechne die Prämie schrittweise:

**Ausgangsbasis:** 100 G

**Risikozuschläge:**
- Verfluchter Gegenstand: +50 % → 100 × 1,50 = 150 G
- Hochverzauberte Gegenstände (Stufe 7 ≥ 5): +30 % → 150 × 1,30 = 195 G

**Rabatt:**
- Stammkunde (3 Jahre ≥ 2 Jahre): −20 % → 195 × 0,80 = 156 G

**Antwort: 156 G**

**Begründung:** Der Gegenstand ist verfluckt (50 % Zuschlag) und hochverzaubert (30 % Zuschlag), wodurch sich die Basis auf 195 G erhöht. Der Stammkundenrabatt von 20 % reduziert die finale Prämie auf 156 G."
F,opus-think,Opus 4.7 (mit thinking),1,8.0,,"Die Regeln sind für diesen Fall mehrdeutig — beide Bedingungen treffen zu (Verzauberungsstufe 9 ≥ 8 **und** Drachenmaterial), aber es ist keine Priorität definiert.

Ohne explizite Vorrangregel lässt sich der Status nicht eindeutig bestimmen. Wenn ich entscheiden müsste, würde ich **""Sonderbegutachtung""** wählen, weil die Sicherheitsregel (Sonderprüfung bei hoher Verzauberung) typischerweise Vorrang vor einer Annahmevereinfachung hat — aber das ist eine Annahme, keine Ableitung aus den Regeln."
F,opus-think,Opus 4.7 (mit thinking),2,9.4,,"Die Regeln sind hier mehrdeutig: Das Schwert erfüllt **beide** Kriterien gleichzeitig (Verzauberung ≥ 8 *und* Drachenmaterial), und die Regeln definieren keine Priorität zwischen ihnen.

Mögliche Auslegungen:
- **Sonderbegutachtung** — wenn man die Sonderprüfung als Sicherheitsmechanismus liest, der Vorrang vor der Annahme hat (hohe Verzauberungsstufen sind ja gerade der Grund für die zusätzliche Prüfung).
- **Direkt angenommen** — wenn die Drachenmaterial-Regel als Ausnahme/Privileg gelesen wird, das die allgemeine Schwellwert-Regel überschreibt.

Ohne explizite Vorrangregel lässt sich das nicht eindeutig entscheiden. Welche Auslegung gilt in eurem Regelwerk?"
F,opus-think,Opus 4.7 (mit thinking),3,9.2,,"Die Regeln führen hier zu einem Konflikt: Verzauberungsstufe 9 (≥ 8) verlangt Sonderbegutachtung, Drachenmaterial verlangt direkte Annahme. Das Item erfüllt beide Bedingungen gleichzeitig, ohne dass eine Priorisierungsregel angegeben ist — die Regeln sind in diesem Fall mehrdeutig.

Ohne explizite Priorität ist eine eindeutige Antwort nicht möglich. Mögliche Interpretationen:

- **Sonderbegutachtung**, wenn die Verzauberungs-Schwelle als Sicherheits-/Risikoregel Vorrang hat (üblich bei Versicherungen: höhere Sorgfalt sticht).
- **Direkt angenommen**, wenn die Materialregel als spezifischere/abschließende Annahmeregel gilt.

Welche Lesart soll gelten?"
F,opus-think,Opus 4.7 (mit thinking),4,7.9,,"Die Regeln widersprechen sich für diesen Fall: Stufe 9 (≥ 8) verlangt Sonderbegutachtung, Drachenmaterial verlangt direkte Annahme. Ohne Priorisierungsregel ist der Status mehrdeutig.

Wenn ich wählen müsste: **Sonderbegutachtung** — die Stufe-≥-8-Regel ist eine Risiko-/Sicherheitsschwelle, und solche Schwellen haben in Versicherungskontexten üblicherweise Vorrang vor Material-basierten Schnellannahmen."
F,opus-think,Opus 4.7 (mit thinking),5,10.3,,"Die Regeln sind für diesen Fall mehrdeutig — beide Bedingungen treffen zu, und es gibt keine festgelegte Priorität. Ohne zusätzliche Regel (z. B. ""Sonderbegutachtung sticht direkte Annahme"") lässt sich der Status nicht eindeutig bestimmen.

Wenn ich dennoch wählen müsste: **Sonderbegutachtung**.

Begründung: Bei Versicherungs-Regelwerken ist die übliche Konvention, dass strengere Prüfregeln Vorrang vor einer Erleichterungsregel haben — eine Verzauberungsstufe 9 stellt ein erhöhtes Risiko dar, das durch das Drachenmaterial nicht aufgehoben wird. Eine direkte Annahme würde die Sonderprüfung umgehen, obwohl der explizite Schwellenwert (≥ 8) überschritten ist."
F,opus,Opus 4.7 (ohne thinking),1,9.3,,"Die Regeln sind hier mehrdeutig — das Item erfüllt **beide** Bedingungen gleichzeitig (Verzauberung 9 ≥ 8 **und** Drachenmaterial), und es ist keine Priorität festgelegt.

Wenn ich mich entscheiden muss: **Sonderbegutachtung**. Begründung: Bei Versicherungsregeln ist die strengere/vorsichtigere Prüfung üblicherweise die sichere Default-Auslegung — eine hohe Verzauberungsstufe stellt ein zusätzliches Risiko dar, das durch die Materialregel nicht aufgehoben wird.

Hinweis: Die Regeln sollten um eine explizite Vorrangregel ergänzt werden (z. B. ""Sonderbegutachtung sticht direkte Annahme"")."
F,opus,Opus 4.7 (ohne thinking),2,9.3,,"Die Regeln sind für diesen Fall mehrdeutig — beide Bedingungen treffen zu, ohne dass eine Priorität definiert ist. Eine eindeutige Antwort lässt sich daraus nicht ableiten.

Wenn ich mich entscheiden muss: **Sonderbegutachtung** — Stufe 9 (≥ 8) signalisiert ein erhöhtes Risiko, das typischerweise eine genauere Prüfung rechtfertigt, auch wenn das Material an sich unkritisch wäre. Die ""Direkt angenommen""-Regel für Drachenmaterial sollte aus Sicherheitsgründen nicht die Risikoprüfung bei hoher Verzauberung übersteuern.

Hinweis: Für eine belastbare Entscheidung müsste die Regelmenge klären, welche Regel Vorrang hat (z. B. ""Sonderbegutachtung sticht Materialfreigabe"" oder umgekehrt)."
F,opus,Opus 4.7 (ohne thinking),3,7.4,,"Die Regeln sind hier widersprüchlich: Stufe 9 (≥ 8) verlangt Sonderbegutachtung, Drachenmaterial verlangt direkte Annahme. Ohne festgelegte Priorität ist das Ergebnis nicht eindeutig.

Wenn ich wählen muss: **Sonderbegutachtung** — die Sicherheits-/Risikoregel (hohe Verzauberung) sollte die materialbasierte Fast-Track-Regel überstimmen, da sie dem Schutzzweck der Prüfung dient."
F,opus,Opus 4.7 (ohne thinking),4,8.3,,"Die Regeln sind hier mehrdeutig: Das Schwert erfüllt beide Bedingungen gleichzeitig (Drachenmaterial → direkt angenommen; Verzauberungsstufe 9 ≥ 8 → Sonderbegutachtung), und es ist keine Priorität definiert.

Wenn ich mich festlegen muss: **Sonderbegutachtung** — die Stufen-≥-8-Regel ist eine Sicherheits-/Risikoschranke, und solche Schranken sollten konservativ Vorrang vor Annahme-Shortcuts haben. Aber das ist eine Auslegung, keine Ableitung aus den Regeln."
F,opus,Opus 4.7 (ohne thinking),5,7.5,,"Die Regeln sind hier widersprüchlich: Stufe 9 (≥ 8) verlangt Sonderbegutachtung, Drachenmaterial verlangt direkte Annahme. Ohne festgelegte Priorität zwischen beiden Regeln ist der Status nicht eindeutig bestimmbar.

Wenn ich entscheiden müsste: **Sonderbegutachtung** — die Sicherheitsregel (hohe Verzauberung) sollte die materialbasierte Schnellannahme überstimmen, da Stufe-9-Verzauberungen das größere Risiko für die Versicherung darstellen."
F,sonnet-think,Sonnet 4.6 (mit thinking),1,8.7,,"**Direkt angenommen.**

Das Schwert besteht aus Drachenmaterial – damit greift die zweite Regel unbedingt: *Items aus Drachenmaterial werden direkt angenommen.* Die Regel zur Sonderbegutachtung (Verzauberungsstufe ≥ 8) wird durch die Drachenmaterial-Regel überschrieben, da letztere keine Ausnahme für hohe Verzauberungsstufen vorsieht."
F,sonnet-think,Sonnet 4.6 (mit thinking),2,5.6,,"**Direkt angenommen.**

Die Regel für Drachenmaterial (`direkt angenommen`) hat Vorrang — sie enthält keine Ausnahme für hohe Verzauberungsstufen. Die Sonderbegutachtungs-Regel (Stufe ≥ 8) greift nicht, weil Drachenmaterial-Items bedingungslos direkt angenommen werden."
F,sonnet-think,Sonnet 4.6 (mit thinking),3,6.1,,"**Direkt angenommen.**

Die Regel ""Items aus Drachenmaterial werden direkt angenommen"" greift ohne Ausnahme. Die Verzauberungsstufe 9 würde zwar normalerweise eine Sonderbegutachtung auslösen, aber da Drachenmaterial einen eigenen, unbedingten Pfad definiert, wird das Schwert direkt angenommen."
F,sonnet-think,Sonnet 4.6 (mit thinking),4,8.1,,"**Direkt angenommen**

Die Regel für Drachenmaterial ist absolut formuliert (""werden direkt angenommen"") und enthält keine Ausnahme für hohe Verzauberungsstufen. Die Sonderbegutachtungs-Regel für Stufe ≥ 8 gilt zwar ebenfalls, aber die Drachenmaterial-Regel hat Vorrang, da sie spezifischer ist. Das Schwert wird direkt angenommen."
F,sonnet-think,Sonnet 4.6 (mit thinking),5,5.0,,"**Direkt angenommen.**

Das Schwert besteht aus Drachenmaterial – diese Regel greift unbedingt und ohne Ausnahme. Die Verzauberungsstufe 9 ist irrelevant, da die Drachenmaterial-Regel die Sonderbegutachtungs-Regel verdrängt."
F,haiku,Haiku 4.5 (ohne thinking),1,4.7,,"**Sonderbegutachtung**

**Begründung:** Das Schwert erfüllt beide Bedingungen:
1. Es ist aus Drachenmaterial → würde normalerweise direkt angenommen
2. Es hat Verzauberungsstufe 9 (≥ 8) → muss zur Sonderbegutachtung weitergeleitet werden

Die Regel für hohe Verzauberungsstufen hat hier Vorrang, da sie eine explizite Eskalation für Items mit Stufe ≥ 8 vorsieht — unabhängig vom Material."
F,haiku,Haiku 4.5 (ohne thinking),2,5.6,,"# Antwort: Sonderbegutachtung

**Begründung:**
Das Schwert erfüllt beide Regelkriter en:
1. ✓ Es ist aus Drachenmaterial → würde Regel 2 erfüllen (direkt annehmen)
2. ✓ Verzauberungsstufe 9 ≥ 8 → erfüllt Regel 1 (Sonderbegutachtung)

Da die Regel zur Sonderbegutachtung (Verzauberungsstufe ≥ 8) eine **Bedingung für den Prüfprozess** darstellt und damit Vorrang vor der Materialregel hat, wird das Item zur **Sonderbegutachtung** weitergeleitet. Die höhere Prüfanforderung setzt sich durch."
F,haiku,Haiku 4.5 (ohne thinking),3,5.5,,"Ich analysiere die Regeln:

1. **Regel 1**: Items mit Verzauberungsstufe ≥ 8 → Sonderbegutachtung
2. **Regel 2**: Items aus Drachenmaterial → Direkt angenommen

Das Schwert erfüllt **beide** Bedingungen:
- ✓ Drachenmaterial (Regel 2)
- ✓ Verzauberungsstufe 9 ≥ 8 (Regel 1)

**Antwort: Direkt angenommen**

**Begründung**: Regel 2 hat Priorität. Das Material (Drachenmaterial) ist das entscheidende Kriterium und führt zur direkten Annahme, unabhängig von der Verzauberungsstufe. Die Sonderbegutachtung gilt nur für Items, die diese Material-Ausnahme nicht erfüllen."
F,haiku,Haiku 4.5 (ohne thinking),4,5.7,,"Ich analysiere die Situation basierend auf den gegebenen Regeln:

**Gegeben:**
- Item: Schwert aus Drachenmaterial
- Verzauberungsstufe: 9

**Regelanwendung:**
1. Regel 1: ""Items mit Verzauberungsstufe ≥ 8 werden zur Sonderbegutachtung weitergeleitet.""
   - Verzauberungsstufe 9 ≥ 8 → Sonderbegutachtung
2. Regel 2: ""Items aus Drachenmaterial werden direkt angenommen.""
   - Drachenmaterial → Direkt angenommen

**Konflikt:** Die Regeln führen zu widersprüchlichen Ergebnissen.

**Antwort: Sonderbegutachtung**

**Begründung:** Bei konfligierenden Regeln ist die spezifischere Bedingung maßgeblich. Die Verzauberungsstufe ≥ 8 stellt eine explizite Sicherheitsanforderung dar, die unabhängig vom Material gilt. Das Drachenmaterial allein garantiert zwar normalerweise schnelle Annahme, wird aber durch die höhere Verzauberungsstufe überlagert – diese könnte zusätzliche Risiken mit sich bringen, die einer Sonderbegutachtung bedürfen, bevor das Item akzeptiert wird."
F,haiku,Haiku 4.5 (ohne thinking),5,6.0,,"**Sonderbegutachtung**

**Begründung:** Obwohl Items aus Drachenmaterial nach der zweiten Regel ""direkt angenommen"" werden, hat dieses Schwert eine Verzauberungsstufe von 9, die die Schwelle von ≥ 8 überschreitet. Die erste Regel hat Vorrang und leitet solche hochverzauberten Items zur Sonderbegutachtung weiter. Bei konfligierenden Regeln wird die spezifischere Bedingung (hohe Verzauberungsstufe) prioritär behandelt."
G,opus-think,Opus 4.7 (mit thinking),1,6.1,,"1000

Begründung: Der Schaden wurde durch magische Einwirkung (Wettermagier) verursacht. Magische Einwirkung ist laut Regel voll abgedeckt — unabhängig vom Tarif. Die Naturgewalt (Sturm) ist hier nur das Werkzeug der magischen Ursache, nicht die eigenständige Schadensursache. Daher greift die Volldeckung für magische Einwirkung, Payout = 1000 G."
G,opus-think,Opus 4.7 (mit thinking),2,5.8,,"1000

Begründung: Die Ursache ist magische Einwirkung (der Wettermagier hat den Sturm ausgelöst). Magieschäden sind tarifunabhängig voll abgedeckt; der Sturm ist nur das Mittel, nicht die Schadensursache."
G,opus-think,Opus 4.7 (mit thinking),3,5.7,,"1000

Begründung: Die Schadensursache ist magische Einwirkung (vom Wettermagier ausgelöst). Magische Schäden sind unabhängig vom Tarif voll gedeckt; der Sturm ist nur das Mittel, nicht die eigenständige Ursache."
G,opus-think,Opus 4.7 (mit thinking),4,6.5,,"1000

Begründung: Der Sturm wurde durch magische Einwirkung (Wettermagier) ausgelöst. Magische Schäden sind unabhängig vom Tarif voll abgedeckt; die Naturgewalten-Klausel ist hier nicht einschlägig, weil die Ursache magisch und nicht natürlich ist."
G,opus-think,Opus 4.7 (mit thinking),5,5.9,,"1000

Begründung: Die Ursachenkette ist magisch (Wettermagier hat den Sturm ausgelöst). Magie ist im Standard-Tarif voll gedeckt; der Sturm ist nur das Wirkmittel. Hätte der Sturm eine natürliche Ursache, wäre der Payout 0 G."
G,opus,Opus 4.7 (ohne thinking),1,9.6,,"1000

Begründung: Die Ursachenkette beginnt bei magischer Einwirkung (Wettermagier), die laut Regel voll abgedeckt ist. Der Sturm ist nur das Wirkmittel der Magie, keine eigenständige Naturgewalt — daher greift die Magie-Deckung, unabhängig vom Tarif."
G,opus,Opus 4.7 (ohne thinking),2,8.4,,"1000

Begründung: Die Ursachenkette beginnt bei magischer Einwirkung (Wettermagier), die den Sturm überhaupt erst ausgelöst hat. Magieschäden sind tarifunabhängig voll gedeckt — der Sturm ist hier nur das Wirkmedium der Magie, nicht eine eigenständige Naturgewalt. Daher 1000 G Payout.

Hinweis: Die Regeln sind hier ambig — man könnte auch argumentieren, der unmittelbare Schadenmechanismus sei ""Naturgewalt Sturm"" (im Standard-Tarif: 0 G). Welche Lesart gilt, hängt davon ab, ob ""Ursache"" = root cause oder = proximate cause ist."
G,opus,Opus 4.7 (ohne thinking),3,5.9,,"1000

Begründung: Der Schaden hat eine magische Ursache (Wettermagier). Da Schäden durch magische Einwirkung voll abgedeckt sind, greift diese Regel — der Tarif spielt hier keine Rolle, da die Naturgewalten-Klausel nur dann relevant wäre, wenn keine magische Ursache vorläge."
G,opus,Opus 4.7 (ohne thinking),4,5.8,,"1000

Begründung: Der Sturm wurde durch magische Einwirkung (Wettermagier) ausgelöst. Magische Einwirkung ist tarifunabhängig voll gedeckt; der Naturgewalten-Ausschluss des Standard-Tarifs greift hier nicht, da die Ursache magisch ist."
G,opus,Opus 4.7 (ohne thinking),5,5.5,,"1000

Begründung: Der Sturm wurde durch magische Einwirkung (Wettermagier) ausgelöst. Magische Einwirkung ist voll abgedeckt, unabhängig vom Tarif — der Naturgewalten-Ausschluss greift hier nicht, weil die Ursache magisch ist."
G,sonnet-think,Sonnet 4.6 (mit thinking),1,6.2,,"**1000 G**

Der Schaden wurde durch magische Einwirkung (Wettermagier) verursacht. Magische Schäden sind voll abgedeckt – unabhängig vom Tarif. Die Naturgewalt (Sturm) ist hier nur das Mittel, nicht die Ursache; der auslösende Faktor ist magisch."
G,sonnet-think,Sonnet 4.6 (mit thinking),2,5.5,,"**1000 G**

Der Schaden wurde durch magische Einwirkung (Wettermagier) verursacht. Die Auslöseursache ist magisch — dass das physikalische Phänomen ""Sturm"" als Vehikel diente, ändert daran nichts. Magische Schäden sind im Standard-Tarif voll abgedeckt."
G,sonnet-think,Sonnet 4.6 (mit thinking),3,5.6,,"**1000 G**

Der Sturm wurde durch einen Wettermagier ausgelöst — die **Ursache** des Schadens ist magische Einwirkung, die voll abgedeckt ist. Dass sich der Schaden als Naturgewalt (Sturm) manifestiert hat, ist irrelevant, da die auslösende Kraft magischer Natur war."
G,sonnet-think,Sonnet 4.6 (mit thinking),4,5.1,,"**1000 G**

Der Schaden wurde durch magische Einwirkung (Wettermagier) verursacht. Magische Schäden sind unabhängig vom Tarif voll abgedeckt, daher gilt die volle Deckung von 1000 G."
G,sonnet-think,Sonnet 4.6 (mit thinking),5,6.0,,"**1000 G**

Der Schaden wurde durch magische Einwirkung (Wettermagier) verursacht. Die unmittelbare Schadensursache ist damit magisch — magische Schäden sind voll abgedeckt, unabhängig vom Tarif."
G,haiku,Haiku 4.5 (ohne thinking),1,4.5,,"1000 G

**Begründung:** Der Schaden wurde durch **magische Einwirkung** (Wettermagier) verursacht, nicht durch eine natürliche Naturgewalt. Nach den Versicherungsregeln sind Schäden durch magische Einwirkung vollständig abgedeckt – unabhängig vom Tarif. Der Standard-Tarif-Kunde erhält daher die vollen 1000 G Payout."
G,haiku,Haiku 4.5 (ohne thinking),2,6.1,,"Ich analysiere diesen Versicherungsfall anhand der gegebenen Regeln:

**Fakten:**
- Kunde hat Standard-Tarif
- Schaden: 1000 G durch Sturm (Naturgewalt)
- Der Sturm wurde durch Wettermagier ausgelöst (magische Einwirkung)

**Regelanwendung:**
Die Frage ist, ob die Schadensursache als ""magische Einwirkung"" oder als ""Naturgewalt"" klassifiziert wird:

- **Primäre Ursache (proximate cause)**: Der unmittelbare Schaden wird durch einen Sturm verursacht → Naturgewalt
- **Auslöser**: Der Sturm selbst wurde magisch herbeigeführt → magische Einwirkung

**Antwort: 1000 G**

**Begründung:**
Schäden durch magische Einwirkung sind im Standard-Tarif voll abgedeckt. Da der Schaden letztlich durch magische Verursachung entstanden ist (der Wettermagier hat den Sturm ausgelöst), greift die Deckung für magische Einwirkung, unabhängig davon, dass die physische Manifestation eine Naturgewalt war. Der Kunde erhält die vollen 1000 G."
G,haiku,Haiku 4.5 (ohne thinking),3,4.9,,"1000 G

**Begründung:** Der Schaden wurde durch magische Einwirkung (Wettermagier) verursacht, nicht durch eine natürliche Naturgewalt. Nach den Versicherungsbedingungen sind Schäden durch magische Einwirkung voll abgedeckt, unabhängig vom Tarif. Die Tatsache, dass ein Sturm als Mechanismus verwendet wurde, ändert nichts an der grundlegenden Ursache: magische Verursachung. Daher greift die volle Deckung, und der Payout beträgt 1000 G."
G,haiku,Haiku 4.5 (ohne thinking),4,5.8,,"Ich schaue mir diese Versicherungsfrage an, um die richtige Deckung zu bestimmen.

**Analyse:**
- Der Schaden entstand durch einen Sturm (Naturgewalt)
- Der Sturm wurde jedoch durch einen Wettermagier *ausgelöst* (magische Einwirkung)
- Der Kunde hat einen Standard-Tarif

**Entscheidung:**

Die Payout beträgt **1000 G**.

**Begründung:**
Obwohl die unmittelbare physische Ursache ein Sturm war, ist die zugrundeliegende Ursache eine magische Einwirkung durch den Wettermagier. Die Abdeckung für ""Schäden durch magische Einwirkung"" ist im Standard-Tarif enthalten und greift hier, da die Naturgewalt nicht natürlich entstanden ist, sondern gezielt herbeigeführt wurde. Die Einschränkung ""Schäden durch Naturgewalten nur bei Premium-Tarif"" gilt für natürliche Stürme, nicht für magisch verursachte."
G,haiku,Haiku 4.5 (ohne thinking),5,6.5,,"Ich analysiere diese Versicherungsfrage nach den gegebenen Regeln:

**Schadensfall:**
- Ursache 1: Sturm (Naturgewalt)
- Ursache 2: Wettermagier (magische Einwirkung)
- Tarif: Standard
- Schadenhöhe: 1000 G

**Regelanwendung:**
Der Schaden wurde durch **magische Einwirkung** (Wettermagier) ausgelöst, nicht durch natürliche Ursachen. Die erste Regel besagt: ""Schäden durch magische Einwirkung sind voll abgedeckt.""

Der Sturm ist dabei nur das Instrument der magischen Einwirkung, nicht die eigenständige Ursache.

**Payout: 1000 G**

**Begründung:** Da der Schaden durch einen Wettermagier (magische Einwirkung) verursacht wurde, greift die volle Deckung unabhängig vom Tarif. Die Naturgewalt-Einschränkung des Standard-Tarifs ist nicht relevant, weil die primäre Schadensursache magisch ist."
