mehrdeutigkeit,modell,modell_label,rep,dauer_s,fehler,antwort
S,opus-think,Opus 4.7 (mit thinking),1,13.5,,"10

Begründung: Die Sphinx gibt 4 Grundpunkte plus 2 Punkte pro Monster-Art in der Armee. Ich zähle drei Arten (Sphinx, Zombie, Hydra), also 4 + 3 × 2 = 10."
S,opus-think,Opus 4.7 (mit thinking),2,15.8,,"**8 Punkte**

Begründung: 4 Punkte Basiswert + 2 Punkte je Monsterart. In der Armee sind zwei Monsterarten (Zombie, Hydra), also 4 + 2×2 = 8.

Hinweis zur Mehrdeutigkeit: Die Regel sagt nicht, ob die Sphinx selbst als „Art von Monster"" zählt. Falls ja, wären es drei Arten (Sphinx, Zombie, Hydra) → 4 + 2×3 = **10 Punkte**."
S,opus-think,Opus 4.7 (mit thinking),3,16.9,,"**10**

Begründung: Die Sphinx bringt 4 Grundpunkte. In der Armee sind drei verschiedene Monster-Arten (Sphinx, Zombie, Hydra), was 3 × 2 = 6 Zusatzpunkte ergibt. Gesamt: 4 + 6 = 10."
S,opus-think,Opus 4.7 (mit thinking),4,13.1,,"**10**

Begründung: 4 Grundpunkte + 2 Punkte pro Monster-Art. In der Armee gibt es 3 Arten (Sphinx, Zombie, Hydra) → 4 + 3×2 = 10.

(Mehrdeutigkeit: Wenn die Sphinx selbst nicht als Monster-Art zählt, sind es nur 2 Arten → 4 + 2×2 = **8**.)"
S,opus-think,Opus 4.7 (mit thinking),5,16.9,,"**10**

Begründung: Sphinx-Grundwert 4 + 2 Punkte je Monster-Art in der Armee. In der Armee sind drei Arten (Sphinx, Zombie, Hydra) → 4 + 3 × 2 = 10.

Hinweis zur Mehrdeutigkeit: Falls die Sphinx selbst nicht als „Monster"" zählt (nur Zombie + Hydra = 2 Arten), wären es 4 + 2 × 2 = **8**."
S,opus,Opus 4.7 (ohne thinking),1,6.1,,"8 Punkte.

Begründung: 4 Grundpunkte + 2 Arten von Monstern (Zombie, Hydra) × 2 = 4 + 4 = 8.

(Annahme: Die Sphinx selbst zählt nicht als „Monster""-Art; sonst wären es 10.)"
S,opus,Opus 4.7 (ohne thinking),2,6.5,,"8 Punkte.

Begründung: 4 Grundpunkte + 2 Arten von Monstern in der Armee (Zombie, Hydra) × 2 Punkte = 4 + 4 = 8. Die Sphinx selbst zählt nicht als „Art von Monster"" für ihren eigenen Bonus (sonst wären es 10) — wobei diese Lesart mehrdeutig ist."
S,opus,Opus 4.7 (ohne thinking),3,7.3,,"8 Punkte.

Begründung: 4 Grundpunkte + 2 Arten von Monstern (Zombie, Hydra) × 2 = 4 + 4 = 8.

(Die Sphinx selbst zählt nicht als Monster-Art für ihren eigenen Bonus — andernfalls wären es 10. Wenn die Sphinx mitzählt: 3 Arten × 2 + 4 = 10.)"
S,opus,Opus 4.7 (ohne thinking),4,6.2,,"8 Punkte.

Begründung: 4 Grundpunkte + 2 Arten von Monstern (Zombie, Hydra) × 2 = 4 + 4 = 8.

(Annahme: Sphinx selbst zählt nicht als ""Monster-Art"" — sonst wären es 10.)"
S,opus,Opus 4.7 (ohne thinking),5,6.3,,"8 Punkte.

Begründung: 4 Grundpunkte + 2 Arten von Monstern in der Armee (Zombie, Hydra) × 2 = 4 + 4 = 8.

(Annahme: ""Art von Monster"" zählt verschiedene Monster-Typen, nicht einzelne Karten; die Sphinx selbst zählt nicht als Monster-Art für ihren eigenen Bonus.)"
S,sonnet-think,Sonnet 4.6 (mit thinking),1,15.7,,"**10 Punkte.**

Basiswert: 4. Die Armee enthält drei verschiedene Monsterarten (Sphinx, Zombie, Hydra), also 3 × 2 = 6 Bonuspunkte. Gesamt: 4 + 6 = 10.

---

*Mehrdeutigkeit:* Falls die Sphinx sich selbst nicht als „Art in deiner Armee"" zählt, wären es nur 2 Arten (Zombie, Hydra) → 4 + 4 = **8 Punkte**. Die Regel klärt das nicht explizit."
S,sonnet-think,Sonnet 4.6 (mit thinking),2,20.2,,"**10 Punkte** — mit einem Hinweis auf eine Mehrdeutigkeit.

**Armee-Typen:** Sphinx, Zombie, Hydra = 3 Arten.
**Sphinx-Wert:** 4 (Basis) + 2 × 3 (Arten) = **10 Punkte**

**Mehrdeutigkeit:** Die Regel ""jede Art von Monster in deiner Armee"" lässt offen, ob die Sphinx selbst als Monsterart zählt. Bei Ausschluss wären es nur 2 Arten (Zombie + Hydra) → **8 Punkte**. Die natürlichere Lesart ist, dass sie sich selbst einschließt → 10."
S,sonnet-think,Sonnet 4.6 (mit thinking),3,24.9,,"**10**

Monsterarten in der Armee: Sphinx, Zombie, Hydra = 3 Arten.
Sphinx-Wert: 4 (Basis) + 3 × 2 (Arten-Bonus) = **10 Punkte**.

---

**Hinweis zur Mehrdeutigkeit:** Die Regel sagt „jede Art von Monster in deiner Armee"", ohne zu klären, ob die Sphinx sich selbst mitzählt. Zwei Lesarten:

| Interpretation | Arten | Ergebnis |
|---|---|---|
| Sphinx zählt sich mit | 3 (Sphinx, Zombie, Hydra) | **10 Punkte** |
| Sphinx zählt sich nicht mit | 2 (Zombie, Hydra) | **8 Punkte** |

Ich habe 10 gewählt, weil die Sphinx faktisch Teil der Armee ist und der Text keine Ausnahme formuliert."
S,sonnet-think,Sonnet 4.6 (mit thinking),4,11.4,,"**10**

Die Armee enthält 3 verschiedene Monster-Arten: Sphinx, Zombie, Hydra.

Die Sphinx ist wert: 4 (Basis) + 3 × 2 (je Art) = **10 Punkte**."
S,sonnet-think,Sonnet 4.6 (mit thinking),5,14.6,,"**10**

Die Armee enthält drei verschiedene Monsterarten: Sphinx, Zombie, Hydra. Die Sphinx erhält 4 (Grundwert) + 3 × 2 (eine Art = 2 Punkte) = **10 Punkte**.

*(Offen bleibt, ob die Sphinx ihre eigene Art mitzählt – hier ja, weil die Regel „jede Art in deiner Armee"" keinen Selbstausschluss nennt. Ohne Sphinx: 8 Punkte.)*"
S,haiku,Haiku 4.5 (ohne thinking),1,12.9,,"**10**

Begründung:
- Basispunkte der Sphinx: 4
- Monster-Arten in der Armee: Sphinx, Zombie, Hydra = 3 verschiedene Arten
- Zusatzpunkte: 2 × 3 = 6
- Gesamt: 4 + 6 = **10 Punkte**"
S,haiku,Haiku 4.5 (ohne thinking),2,7.9,,"**10 Punkte**

**Begründung:** Die Sphinx beginnt mit 4 Basispunkten. Die Armee enthält 3 verschiedene Monsterarten (Sphinx, Zombie, Hydra). Daher erhält die Sphinx 2 × 3 = 6 Bonuspunkte. Gesamt: 4 + 6 = **10 Punkte**."
S,haiku,Haiku 4.5 (ohne thinking),3,10.1,,"**10**

Begründung:
- Grundwert der Sphinx: 4 Punkte
- Verschiedene Monster-Arten in der Armee: Sphinx, Zombie, Hydra = 3 Arten
- Zusatzpunkte: 3 Arten × 2 Punkte/Art = 6 Punkte
- **Gesamtwert: 4 + 6 = 10 Punkte**

Die Sphinx zählt dabei auch als eine Monster-Art in der Armee und trägt damit zu ihrer eigenen Wertung bei."
S,haiku,Haiku 4.5 (ohne thinking),4,9.8,,"**10 Punkte**

Begründung:
- Basis: 4 Punkte für die Sphinx
- Monster-Arten in der Armee: Sphinx, Zombie, Hydra = 3 verschiedene Arten
- Bonus: 2 Punkte × 3 Arten = 6 Punkte
- **Gesamt: 4 + 6 = 10 Punkte**"
S,haiku,Haiku 4.5 (ohne thinking),5,6.1,,"**10 Punkte**

Begründung: Die Sphinx bringt 4 Basispunkte + (2 Punkte × 3 Monsterarten). Die drei verschiedenen Monsterarten in der Armee sind Sphinx, Zombie und Hydra, also 4 + (2 × 3) = 10 Punkte."
M,opus-think,Opus 4.7 (mit thinking),1,11.1,,"**19**

Begründung: Optimale Gruppierung von 5 Mantikoren ist ein Rudel (3 Karten = 12 Punkte) plus ein Paar (2 Karten = 7 Punkte), zusammen 19 Punkte. Andere Aufteilungen ergeben weniger (z. B. Rudel + 2 Einzelne = 16; 2 Paare + 1 Einzel = 16; 1 Paar + 3 Einzelne = 13)."
M,opus-think,Opus 4.7 (mit thinking),2,11.3,,"**19**

Begründung: Bei 5 Mantikoren ist die punktbeste Gruppierung ein Rudel (3 = 12 P.) plus ein Paar (2 = 7 P.) = **19 Punkte**. Alternative Gruppierungen wären schlechter (z. B. 2 Paare + 1 einzeln = 16, 1 Paar + 3 einzeln = 13, alle einzeln = 10).

Hinweis: Die Regel sagt nicht explizit, dass optimal gruppiert wird — das ist die wahrscheinlichste Lesart, aber eine echte Mehrdeutigkeit dieser Kata."
M,opus-think,Opus 4.7 (mit thinking),3,10.7,,"**19**

Begründung: 5 Mantikore lassen sich am ertragreichsten als ein Rudel (3 Karten = 12 Punkte) plus ein Paar (2 Karten = 7 Punkte) werten — zusammen 19 Punkte."
M,opus-think,Opus 4.7 (mit thinking),4,15.8,,"**19**

Begründung: Maximale Wertung durch optimale Gruppierung — 3 Mantikore als Rudel (12 Punkte) + die verbleibenden 2 als Paar (7 Punkte) = **19 Punkte**.

(Hinweis: Die Regel legt nicht explizit fest, ob man auf Maximalpunktzahl gruppieren muss. Alternative Lesarten: 16 Punkte bei Rudel + 2 Einzelne, oder 13 bei Paar + 3 Einzelne. Die spielmechanisch übliche Konvention ""Karten zählen sich am günstigsten für den Besitzer"" stützt aber die 19.)"
M,opus-think,Opus 4.7 (mit thinking),5,11.0,,"**19 Punkte.**

Begründung: 5 Mantikore lassen sich als ein Rudel (3 Karten = 12) plus ein Paar (2 Karten = 7) gruppieren → 12 + 7 = 19. Das ist die punktmaximale (und naheliegende) Aufteilung; die Alternativen (Rudel + 2 einzelne = 16; zwei Paare + 1 einzeln = 16) sind schlechter."
M,opus,Opus 4.7 (ohne thinking),1,8.3,,"14 Punkte.

Begründung: 5 Mantikore = 1 Rudel (3 = 12 Punkte) + 1 Paar (2 = 7 Punkte) wären 19, aber ein Rudel verbraucht 3 Karten, danach bleiben 2 → Paar = 7 Punkte. Alternativ: 1 Paar (7) + 1 Paar (7) + 1 einzeln (2) = 16. Beste Kombination: Rudel (12) + 1 einzeln (2) = **14**, da die übrigen 2 Karten nach dem Rudel kein zweites Rudel bilden, aber als Paar 7 ergäben → 12 + 7 = **19**.

Die maximale Wertung ist **19 Punkte** (Rudel + Paar)."
M,opus,Opus 4.7 (ohne thinking),2,7.3,,"14 Punkte.

Begründung: 5 Mantikore = 1 Rudel (3 Stück, 12 Punkte) + 1 Einzelner (2 Punkte) = 14. Die Alternative Rudel + Paar ist nicht möglich, da ein Mantikor nicht gleichzeitig zu Rudel und Paar zählen kann (sonst wären es nur 4 Karten). Ein Paar + 3 Einzelne (7+6=13) ist schlechter."
M,opus,Opus 4.7 (ohne thinking),3,17.4,,"14 Punkte. Begründung: 5 Mantikore = 1 Rudel (3 Karten, 12 Punkte) + 1 Paar (2 Karten, 7 Punkte) = 19 — alternativ 1 Paar + 3 Einzelne = 7+6 = 13, oder 1 Rudel + 2 Einzelne = 12+4 = 16.

Mehrdeutig: Die Regeln legen nicht fest, wie bei 5 Karten gruppiert wird (max. Punkte? feste Reihenfolge Rudel→Paar→Einzeln?). Bei Greedy ""größte Gruppe zuerst"" ergibt sich **16** (Rudel + 2 Einzelne), bei Punktmaximierung **19** (Rudel + Paar, obwohl das 5 Karten in zwei sich überlappende Gruppen splittet — nur erlaubt wenn jede Karte nur einer Gruppe angehört, was hier mit 3+2=5 sauber aufgeht).

Saubere Antwort ohne Annahme: **19** (Rudel 12 + Paar 7), falls jede Karte genau einer Gruppe zugeordnet wird und Punktmaximierung gilt."
M,opus,Opus 4.7 (ohne thinking),4,7.8,,"14 Punkte. Begründung: 5 Mantikore = 1 Rudel (3 Karten, 12 Punkte) + 1 Paar (2 Karten, 7 Punkte) = 19 Punkte — oder 1 Paar (7) + 1 Paar (7, geht nicht, nur 5 Karten) …

Korrektur: 5 = 3 + 2 → Rudel (12) + Paar (7) = **19 Punkte**."
M,opus,Opus 4.7 (ohne thinking),5,8.4,,"14 Punkte.

Begründung: 5 Mantikore = 1 Rudel (3 Karten, 12 Punkte) + 1 Paar (2 Karten, 7 Punkte) = 19 Punkte — ABER: das ist mehrdeutig. Alternative Zerlegung: 1 Rudel (12) + 2 Einzelne (2×2=4) = 16. Oder: 2 Paare (14) + 1 Einzel (2) = 16. Oder: 1 Paar (7) + 3 Einzelne (6) = 13.

Korrektur: Bei 5 Karten ist die punktmaximale Zerlegung 1 Rudel + 1 Paar = **19 Punkte**. Wenn jede Karte nur einmal zählt und man die beste Kombination wählt, lautet die Antwort **19**."
M,sonnet-think,Sonnet 4.6 (mit thinking),1,26.8,,"**19**

3 Mantikore bilden ein Rudel (12 Punkte) + die verbleibenden 2 bilden ein Paar (7 Punkte) = 12 + 7 = **19**."
M,sonnet-think,Sonnet 4.6 (mit thinking),2,15.9,,"**19 Punkte.**

5 Mantikore werden optimal gruppiert als 1 Rudel (3) + 1 Paar (2): 12 + 7 = 19."
M,sonnet-think,Sonnet 4.6 (mit thinking),3,21.2,,"**19 Punkte** — mit einer Einschränkung (siehe unten).

**Rechnung:** 5 Mantikore = 1 Rudel (3) + 1 Paar (2) → 12 + 7 = **19**.

---

**Die Mehrdeutigkeit:** Die Regeln sagen nicht, wie 5 Karten *zwingend* aufgeteilt werden müssen. Je nach Gruppierstrategie entstehen unterschiedliche Summen:

| Gruppierung | Rechnung | Punkte |
|---|---|---|
| Rudel (3) + Paar (2) | 12 + 7 | **19** |
| 2 Paare (4) + Einzelner (1) | 7 + 7 + 2 | 16 |
| Rudel (3) + 2 Einzelne | 12 + 2 + 2 | 16 |
| Paar (2) + 3 Einzelne | 7 + 2 + 2 + 2 | 13 |
| 5 Einzelne | 5 × 2 | 10 |

Die 19-Punkte-Variante setzt voraus, dass Spieler ihre Karten **optimal** (d. h. punktmaximierend) gruppieren dürfen — aber das steht nicht in den Regeln."
M,sonnet-think,Sonnet 4.6 (mit thinking),4,20.8,,"**19**

Ein Rudel (3 Mantikore) zählt 12 Punkte, das verbleibende Paar (2 Mantikore) zählt 7 Punkte → 12 + 7 = 19.

---

*Hinweis:* Die Aufgabe lässt offen, ob die Gruppierung frei gewählt werden darf und ob das Ziel die Maximierung ist. Andere Aufteilungen (z. B. 2+2+1 = 16 oder 3+1+1 = 16) wären regelkonform und liefern andere Ergebnisse. Die Antwort 19 setzt optimale Gruppierung voraus."
M,sonnet-think,Sonnet 4.6 (mit thinking),5,22.1,,"**19** — aber die Regel ist mehrdeutig.

Mögliche Gruppierungen für 5 Mantikore:

| Aufteilung | Rechnung | Punkte |
|---|---|---|
| Rudel (3) + Paar (2) | 12 + 7 | **19** |
| Rudel (3) + 2× Einzeln | 12 + 2 + 2 | 16 |
| 2× Paar (4) + 1× Einzeln | 7 + 7 + 2 | 16 |
| 1× Paar + 3× Einzeln | 7 + 6 | 13 |
| 5× Einzeln | 5 × 2 | 10 |

Die Regeln legen nicht fest, **wie** Karten in Gruppen eingeteilt werden — ob optimal, ob zwingend (d.h. ein Rudel *muss* gebildet werden, wenn 3 vorhanden sind), oder ob der Spieler frei wählt. Das ist eine echte Mehrdeutigkeit im Regeltext.

Falls Gruppen **optimal** gebildet werden (oder der Spieler frei wählt): **19 Punkte** (Rudel + Paar)."
M,haiku,Haiku 4.5 (ohne thinking),1,11.4,,"**19 Punkte**

**Begründung:** Die 5 Mantikore werden optimal kombiniert zu 1 Rudel (3 Mantikore = 12 Punkte) + 1 Paar (2 Mantikore = 7 Punkte). Das ergibt zusammen 5 Mantikore und 19 Punkte.

Die beiden anderen möglichen Kombinationen (2 Paare + 1 einzeln = 16 Punkte oder 1 Paar + 3 einzeln = 13 Punkte) bringen weniger Punkte."
M,haiku,Haiku 4.5 (ohne thinking),2,8.0,,"**19 Punkte**

Begründung: Mit 5 Mantikoren bildest du optimal 1 Rudel (3 Karten = 12 Punkte) + 1 Paar (2 Karten = 7 Punkte) = 19 Punkte insgesamt."
M,haiku,Haiku 4.5 (ohne thinking),3,9.6,,"**19**

**Begründung:** Mit 5 Mantikoren ergibt die optimale Gruppierung 1 Rudel (3 Karten = 12 Punkte) + 1 Paar (2 Karten = 7 Punkte) = **19 Punkte** insgesamt."
M,haiku,Haiku 4.5 (ohne thinking),4,7.2,,"**19 Punkte**

**Begründung:** Die optimale Aufteilung von 5 Mantikoren ist 1 Rudel (3 Karten = 12 Punkte) + 1 Paar (2 Karten = 7 Punkte) = 19 Punkte. Dies ist besser als Alternativen wie 2 Paare + 1 Einzelne (16 Punkte) oder nur Einzelne zu zählen."
M,haiku,Haiku 4.5 (ohne thinking),5,11.0,,"**19 Punkte**

**Begründung:**
Optimal kombinieren sich 5 Mantikore als 1 Rudel (3 Karten = 12 Punkte) + 1 Paar (2 Karten = 7 Punkte) = **19 Punkte**.

Dies ist besser als andere Aufteilungen wie:
- 1 Rudel + 2 Einzelne = 12 + 4 = 16 Punkte
- 2 Paare + 1 Einzelne = 14 + 2 = 16 Punkte
- 5 Einzelne = 10 Punkte"
